{"cameraMode":{"drawMode":0,"name":"Shaded","section":"Shading Mode"},"sceneLighting":true,"audioPlay":false,"sceneViewState":{"showFog":true,"showMaterialUpdate":true,"showSkybox":true,"showFlares":true,"showImageEffects":true,"showParticleSystems":true},"in2DMode":false,"pivot":{"x":0.08829665184020996,"y":0.5171539187431336,"z":-0.05887799710035324},"rotation":{"x":-0.023113524541258813,"y":0.9701209664344788,"z":-0.10254234075546265,"w":-0.21866922080516816},"size":3.3860504627227785,"orthographic":false}